{
    "summary": {
        "total_questions": 1851,
        "accuracy_em": 0.5813074014046461,
        "accuracy_em_ratio": "1076/1851",
        "accuracy_f1": 0.7920043219881145,
        "accuracy_f1_count": 1466,
        "average_f1_score": 0.7090251179740958
    }
}