{
    "summary": {
        "total_questions": 1851,
        "accuracy_em": 0.5910318746623446,
        "accuracy_em_ratio": "1094/1851",
        "accuracy_f1": 0.797947055645597,
        "accuracy_f1_count": 1477,
        "average_f1_score": 0.7135305162284855
    }
}